id_agencia,nome_agencia,cidade,estado
1,Agência 001,Farias de Araújo,BA
2,Agência 002,Moraes,SP
3,Agência 003,Aragão de Goiás,PE
4,Agência 004,Casa Grande do Oeste,GO
5,Agência 005,Santos dos Dourados,GO
6,Agência 006,da Rocha,PR
7,Agência 007,da Luz,BA
8,Agência 008,Porto de Sousa,MG
9,Agência 009,Lima,PB
10,Agência 010,Cassiano de Cavalcante,RJ
11,Agência 011,Costa do Amparo,SP
12,Agência 012,Castro da Praia,MG
13,Agência 013,Martins Alegre,SC
14,Agência 014,Dias,GO
15,Agência 015,Camargo,SP
16,Agência 016,Macedo das Flores,SC
17,Agência 017,Viana de Goiás,PB
18,Agência 018,Borges do Norte,GO
19,Agência 019,Fonseca,SE
20,Agência 020,Andrade do Amparo,PE
21,Agência 021,Moura,SP
22,Agência 022,Martins do Amparo,RS
23,Agência 023,Lima,PB
24,Agência 024,Viana de Marques,PA
25,Agência 025,Sales,PE
26,Agência 026,Albuquerque,PR
27,Agência 027,Silva Alegre,SC
28,Agência 028,Andrade do Amparo,PA
29,Agência 029,Siqueira,BA
30,Agência 030,Caldeira da Mata,MG
31,Agência 031,da Cunha do Campo,ES
32,Agência 032,da Cruz,BA
33,Agência 033,Almeida,AM
34,Agência 034,Fogaça,AM
35,Agência 035,Gonçalves das Pedras,PE
36,Agência 036,Sales,RJ
37,Agência 037,Fonseca Grande,SE
38,Agência 038,Mendes de Azevedo,BA
39,Agência 039,Farias,ES
40,Agência 040,da Cruz de Minas,MG
41,Agência 041,Farias da Prata,CE
42,Agência 042,Camargo do Campo,AM
43,Agência 043,Sá do Oeste,SC
44,Agência 044,da Mata de Caldeira,MG
45,Agência 045,Gonçalves das Flores,RJ
46,Agência 046,Mendes da Praia,GO
47,Agência 047,Gomes,CE
48,Agência 048,Carvalho do Galho,MG
49,Agência 049,Castro,GO
50,Agência 050,Cunha de Goiás,BA
51,Agência 051,Pereira,ES
52,Agência 052,Cassiano,PE
53,Agência 053,Caldeira,SE
54,Agência 054,Ramos das Pedras,AM
55,Agência 055,Ferreira de da Costa,RS
56,Agência 056,Cavalcante,AM
57,Agência 057,Cunha do Campo,AM
58,Agência 058,Moreira da Mata,SC
59,Agência 059,Melo de Caldeira,PE
60,Agência 060,Siqueira das Pedras,MG
61,Agência 061,Carvalho,RS
62,Agência 062,Souza,GO
63,Agência 063,Rezende,RS
64,Agência 064,Castro,SE
65,Agência 065,Sales,ES
66,Agência 066,Moreira,PE
67,Agência 067,Teixeira Paulista,GO
68,Agência 068,Moreira,PA
69,Agência 069,Albuquerque das Pedras,RJ
70,Agência 070,Cunha do Norte,GO
71,Agência 071,da Cruz da Serra,RJ
72,Agência 072,Pereira da Serra,PA
73,Agência 073,Pereira,ES
74,Agência 074,Martins de da Rocha,PE
75,Agência 075,da Mota,MG
76,Agência 076,Moraes de Peixoto,SC
77,Agência 077,Lima,PA
78,Agência 078,Abreu Alegre,SC
79,Agência 079,Costela das Pedras,PI
80,Agência 080,da Cruz,ES
